bowler,player_out
YS Chahal,229
B Kumar,213
SP Narine,212
DJ Bravo,207
R Ashwin,205
JJ Bumrah,203
PP Chawla,201
SL Malinga,188
A Mishra,183
RA Jadeja,179
HV Patel,168
Rashid Khan,166
Sandeep Sharma,163
UT Yadav,163
Harbhajan Singh,161
TA Boult,151
Mohammed Shami,150
MM Sharma,149
AR Patel,137
AD Russell,133
K Rabada,128
R Vinay Kumar,127
A Nehra,121
JD Unadkat,121
Z Khan,119
SN Thakur,115
Mohammed Siraj,112
SR Watson,107
CH Morris,107
Kuldeep Yadav,106
Arshdeep Singh,106
DW Steyn,105
CV Varun,102
P Kumar,102
I Sharma,100
RP Singh,100
IK Pathan,99
PP Ojha,99
KH Pandya,97
JA Morkel,96
Avesh Khan,94
KK Ahmed,94
DS Kulkarni,91
DL Chahar,91
KV Sharma,89
M Morkel,88
Imran Tahir,86
L Balaji,85
HH Pandya,84
PJ Cummins,82
MM Patel,82
R Bhatia,82
AB Dinda,82
KA Pollard,81
M Prasidh Krishna,80
MA Starc,78
Ravi Bishnoi,77
T Natarajan,77
RD Chahar,76
JP Faulkner,76
MJ McClenaghan,75
Mustafizur Rahman,74
JH Kallis,74
SK Trivedi,73
Shakib Al Hasan,71
M Muralitharan,67
MG Johnson,66
A Nortje,63
LH Ferguson,63
SM Curran,63
S Kaul,63
JC Archer,61
SK Warne,60
JO Holder,59
JR Hazlewood,58
TG Southee,57
TU Deshpande,55
S Nadeem,54
M Pathirana,53
S Gopal,53
NM Coulter-Nile,52
SB Jakati,50
A Kumble,49
Noor Ahmad,48
AJ Tye,48
S Aravind,48
PWH de Silva,47
RJ Harris,47
MP Stoinis,46
MC Henriques,46
YK Pathan,46
MM Ali,46
VR Aaron,46
Iqbal Abdulla,45
Yash Dayal,45
Mukesh Kumar,45
GJ Maxwell,45
PJ Sangwan,44
S Sreesanth,43
DE Bollinger,43
P Awana,43
Harshit Rana,42
R Sharma,42
Washington Sundar,41
DT Christian,40
WD Parnell,40
VG Arora,39
MS Gony,39
M Kartik,39
Yuvraj Singh,39
P Negi,38
DP Nannes,38
M Jansen,38
NLTC Perera,37
M Markande,37
MR Marsh,37
M Theekshana,36
R Tewatia,36
CJ Jordan,36
KK Cooper,36
M Ashwin,35
Harpreet Brar,35
DL Vettori,34
MF Maharoof,33
AB Agarkar,33
Shivam Mavi,33
R Sai Kishore,32
A Zampa,32
L Ngidi,32
Umran Malik,31
Azhar Mahmood,31
Harmeet Singh,31
BA Stokes,31
CR Woakes,31
A Singh,31
B Lee,30
SK Raina,30
Yash Thakur,28
PV Tambe,28
AD Mathews,28
STR Binny,28
Mohsin Khan,27
J Botha,27
DR Smith,27
R Dhawan,27
Naveen-ul-Haq,26
Akash Madhwal,26
Navdeep Saini,26
SW Tait,26
Basil Thampi,26
MJ Santner,26
GB Hogg,25
RE van der Merwe,25
Sohail Tanvir,24
AS Rajpoot,24
JP Duminy,23
A Symonds,23
BW Hilfenhaus,23
Shahbaz Ahmed,22
AS Joseph,22
Bipul Sharma,22
VY Mahesh,22
JP Behrendorff,22
K Gowtham,22
WPUJC Vaas,22
Vijaykumar Vyshak,21
RP Meredith,21
Anureet Singh,21
Mujeeb Ur Rahman,21
KW Richardson,21
J Suchith,20
NT Ellis,20
C Sakariya,20
BB Sran,20
C Green,20
Suyash Sharma,20
IC Pandey,19
AD Mascarenhas,19
A Ashish Reddy,19
CH Gayle,19
CRD Fernando,19
BJ Hodge,18
Mukesh Choudhary,17
R Rampaul,17
D Wiese,17
LR Shukla,17
AC Thomas,16
VRV Singh,16
ST Jayasuriya,16
CR Brathwaite,16
RG Sharma,16
Kartik Tyagi,16
SJ Srivastava,15
AN Ahmed,15
YA Abdulla,15
PVD Chameera,15
Mohammad Nabi,15
G Coetzee,15
DR Sams,15
RR Powar,15
JR Hopes,14
KR Sen,14
KA Jamieson,14
Karanveer Singh,14
E Malinga,14
DS Rathi,14
DJG Sammy,14
Kamran Khan,14
Umar Gul,14
AB McDonald,14
S Lamichhane,14
CJ Anderson,14
R McLaren,14
GD McGrath,14
SM Pollock,13
BA Bhatt,13
TK Curran,13
RS Bopara,13
LS Livingstone,13
CK Langeveldt,13
JDP Oram,13
J Little,13
Joginder Sharma,13
J Theron,13
Arshad Khan,12
SC Ganguly,12
Ankit Sharma,12
Simarjeet Singh,12
Azmatullah Omarzai,12
BCJ Cutting,12
V Nigam,12
AG Murtaza,12
V Shankar,12
V Pratap Singh,12
R Shepherd,12
K Kartikeya,12
TS Mills,11
BE Hendricks,11
Abhishek Sharma,11
Akash Deep,11
Ashwani Kumar,11
A Chandila,11
S Badree,11
JL Pattinson,11
JD Ryder,11
Pankaj Singh,11
OC McCoy,11
KP Appanna,11
MA Wood,11
Lalit Yadav,11
A Kamboj,10
KMA Paul,10
N Rana,10
MP Yadav,10
MN Samuels,10
J Syed Mohammad,10
DJ Hooda,10
Anand Rajan,10
T Thushara,10
B Laughlin,10
Rasikh Salam,10
DJ Hussey,10
KP Pietersen,9
P Parameswaran,9
SB Styris,9
AF Milne,9
SMSM Senanayake,9
AM Nayar,9
Akash Singh,9
Shahid Afridi,9
BAW Mendis,9
SE Bond,9
IS Sodhi,9
N Thushara,9
Mohammad Asif,9
R Parag,9
J Yadav,9
JEC Franklin,9
KC Cariappa,8
GC Viljoen,8
S Randiv,8
JDS Neesham,8
Nithish Kumar Reddy,8
A Mithun,8
AA Chavan,8
WG Jacks,8
Yudhvir Singh,8
M Ntini,8
I Udana,8
Zeeshan Ansari,8
AS Roy,8
S Sandeep Warrier,8
D Pretorius,7
C de Grandhomme,7
B Stanlake,7
Swapnil Singh,7
B Akhil,7
AM Salvi,7
TL Suman,7
R Shukla,7
HF Gurney,7
DJ Willey,7
RR Raje,7
N Burger,7
OF Smith,7
PC Valthaty,7
Y Venugopal Rao,7
KM Asif,7
P Amarnath,7
K Khejroliya,6
KMDN Kulasekara,6
FH Edwards,6
S Kaushik,6
JE Taylor,6
W O'Rourke,6
M de Lange,6
MG Bracewell,6
Jaskaran Singh,6
SS Cottrell,6
R Sathish,6
SB Bangar,6
S Tyagi,6
DG Nalkande,6
RV Gomez,6
Ramandeep Singh,6
S Dube,6
S Narwal,6
V Sehwag,6
AK Markram,6
V Puthur,6
Fazalhaq Farooqi,6
VS Malik,6
V Kohli,5
TM Dilshan,5
L Ablish,5
KL Nagarkoti,5
Harsh Dubey,5
PD Collingwood,5
Prince Yadav,5
O Thomas,5
S Ladda,5
HR Shokeen,5
Gurkeerat Singh,5
RJW Topley,5
SB Wagh,5
AP Dole,5
A Choudhary,5
Shoaib Ahmed,5
Shoaib Akhtar,5
SH Johnson,5
Arjun Tendulkar,4
T Stubbs,4
A Badoni,4
Shivam Sharma,4
Ankit Soni,4
DJ Muthuswami,4
D du Preez,4
S Dhawan,4
Y Nagar,4
LE Plunkett,4
Parvez Rasool,4
WA Mota,4
DP Vijaykumar,4
VR Iyer,3
TM Head,3
SM Harwood,3
Sachin Baby,3
T Shamsi,3
Sikandar Raza,3
Gagandeep Singh,3
RJ Peterson,3
DJ Thornely,3
RS Hangargekar,3
DAJ Bracewell,3
AL Menaria,3
RN ten Doeschate,3
GHS Garton,3
JA Richardson,3
R Ninan,3
MJ Henry,3
M Siddharth,3
A Uniyal,3
MJ Clarke,3
JJ van der Wath,3
K Santokie,3
P Sahu,3
SM Boland,3
JW Hastings,3
JM Kemp,3
MK Lomror,2
MA Khote,2
A Flintoff,2
XC Bartlett,2
LJ Wright,2
KT Maphaka,2
ND Doshi,2
KJ Abbott,2
Mohammad Hafeez,2
KA Maharaj,2
P Dubey,2
Mayank Dagar,2
PVSN Raju,2
P Suyal,2
PHKD Mendis,2
PH Solanki,2
JPR Scantlebury-Searles,2
K Yadav,2
V Kaverappa,2
GD Phillips,2
FA Allen,2
D Kalyankrishna,2
SD Chitnis,2
SC Kuggeleijn,2
DNT Zoysa,2
RJ Gleeson,2
AU Rashid,2
C Nanda,2
Shoaib Malik,2
B Geeves,2
Abdul Samad,2
PM Sarvesh Kumar,1
IC Porel,1
M Shahrukh Khan,1
AA Kazi,1
AA Jhunjhunwala,1
L Wood,1
LI Meriwala,1
LB Williams,1
Musheer Khan,1
Naman Dhir,1
NB Singh,1
Mashrafe Mortaza,1
LA Carseldine,1
AA Noffke,1
A Nel,1
Y Prithvi Raj,1
MK Tiwary,1
LMP Simmons,1
GR Napier,1
D Jansen,1
D Brevis,1
CL White,1
CJ McKay,1
SE Rutherford,1
DJM Short,1
SB Joshi,1
DJ Mitchell,1
SA Abbott,1
S Vidyut,1
DB Ravi Teja,1
GH Vihari,1
R Powell,1
GS Sandhu,1
RG More,1
FY Fazal,1
T Henderson,1
Shashank Singh,1
D Salunkhe,1
SS Agarwal,1
BMAJ Mendis,1
SSB Magala,1
SS Sarkar,1
C Bosch,1
SS Mundhe,1
AC Gilchrist,1
TP Sudhindra,1
AM Rahane,1
AJ Finch,1
AC Voges,1
AJ Hosein,1
V Viyaskanth,1
